base_year,cd,geo_name,geo_level,1975,1976,1977,1978,1979,1980,1981,1982,1983,1984,1985,1986,1987,1988,1989,1990,1991,1992,1993,1994,1995,1996,1997,1998,1999,2000,2001,2002,2003,2004,2005,2006,2007,2008,2009,2010,2011,2012,2013,2014,2015,2016,2017,2018,2019,2020,2021,2022,2023,2024,2025,2026,2027,2028,2029,2030
1975,606,New York City,ny,100.0,102.08827778518015,106.74161875031454,112.66703310006592,122.6889646791826,135.75225022620393,150.83568944239937,166.25449001791603,193.94749820156085,234.5146916037,298.4744777648043,382.75027454880586,455.9479885547981,492.84975744651297,502.8546822313135,490.902235621271,443.3582232241898,427.2580719797776,433.3567673333514,433.179744342374,447.7654442123498,458.99533610027214,477.42111474176295,511.8887866517617,556.076940187897,634.4781429780629,716.7676614218449,783.350033990959,913.774633116694,1071.0635403498777,1256.3825288771948,1383.128986935964,1374.5694441696091,1306.3928168036318,1185.9783295766244,1165.874807519361,1166.8195235720264,1215.263540658562,1318.7603843010063,1461.16913998619,1576.9509989720896,1645.3665458171265,1717.4494062872704,1770.293026437865,1829.726820493082,1837.5579944645835,1924.7358638533888,2020.051944702258,1962.1088601967504,2086.5066094044537,2139.619307952597,2192.7320065007398,2245.844705048882,2299.102917839623,2352.2156163877657,2405.328314935908
1975,601,Manhattan,boro,100.0,98.46251702804123,103.6209219127412,125.90909007628272,153.17629542411828,189.1322771231933,214.91530526966145,240.77084269372835,287.402257813436,363.9300568652335,479.0114291011976,510.3737188992303,614.1945036671206,643.6278026331985,661.8319241483371,631.5278740842524,563.4345530280096,521.9956898480211,522.8964577521324,502.7288000693542,559.9579386670474,577.1394097551981,640.7866291711601,745.6828775651288,839.9713222083468,1012.3921179245718,1159.7610721897008,1270.469969989657,1337.5335555882496,1618.5437727611895,1980.310552968567,2135.090695697568,2280.656944323772,2349.5737813483543,2075.732470042456,2105.485751444939,2183.9522125970334,2282.656960909354,2530.345187983943,2816.73324548678,3002.058777088763,3098.028582749892,3083.62550080052,3026.769970774899,2917.471822947614,2733.63477267083,2809.032626582261,2958.806188616051,2789.377332740288,3395.2601995784107,3479.520705120958,3563.781210663504,3648.0417162060494,3732.5330724487126,3816.793577991258,3901.054083533804
1975,602,The Bronx,boro,100.0,101.30447388527494,104.31952440563568,109.07868251187894,117.0284914754397,124.7537167014715,138.43706365768756,146.7339528713979,165.47474277847948,188.1561020643715,229.78746515688857,296.8230864167509,372.9922006259943,450.0700414333655,475.8939042740522,466.0166544176016,412.68038270947216,408.4634078394935,399.6663873500495,414.5161887872647,407.8345942866423,415.4615601858534,437.26212783935966,462.2041184709444,500.05083838596096,520.2649719373837,579.4717960000424,623.945063825204,734.5108537145994,855.6666625444403,987.3175995956376,1134.9761727081568,1158.059813951087,1101.1020952847196,987.6871215890284,932.3204542309468,908.2929352805288,873.71965673987,892.9019903393531,988.0454928699984,1065.2898995201172,1147.200129072576,1204.226198546335,1288.1664630902417,1402.575875190069,1473.602984764376,1586.0907521789732,1663.7218033338893,1617.049647468334,1529.5173975588148,1563.951406892379,1598.385416225943,1632.819425559507,1667.34777464467,1701.7817839782338,1736.2157933117978
1975,603,Brooklyn,boro,100.0,104.25686548621842,109.64210074878594,114.7418494281144,122.90074714153468,136.3065151046562,153.41276676516472,174.46293006339,198.5848361936407,244.2816335809895,309.14198838382424,406.6221236692145,488.3805471347947,535.8723736390772,557.4070842320963,555.4907441829038,510.6715909641109,477.4803111477578,497.95189724364775,496.6102994583731,518.5373670360653,536.1274428108109,560.2485559951565,603.6523702189367,662.7803970526979,752.1037403453417,849.3718927912445,919.0682338462944,1101.1691772893073,1308.7871221725652,1530.854112841998,1740.2302177863576,1704.548383400103,1601.528198366705,1456.9102272155085,1424.8075584636092,1402.0390610641937,1480.4541991013336,1673.7437373078258,1948.90404944454,2209.6866825218467,2317.837521908874,2405.578169339376,2510.6537846086853,2572.758722427759,2618.84890320398,2767.4000873101013,2871.3261003211205,2849.417657012418,2962.661546030985,3046.9027715824186,3131.143997133852,3215.3852226852846,3299.857246114941,3384.0984716663743,3468.3396972178075
1975,604,Queens,boro,100.0,101.81348362797888,105.00518861289206,110.14418325226156,120.54590569391696,132.00312119135555,146.6394160832604,160.9150219624592,190.7995186337881,232.88794502841617,300.97727477704217,388.8560735225496,448.7944256236981,486.6358185070559,487.6745267489495,474.3118767538705,424.7632272769992,417.52909669619777,421.4215283528164,428.465858509777,437.32704167305167,445.069771202174,458.951170497502,478.4149069632922,511.8003991284368,593.780980882279,673.4076452841717,729.9301915613829,888.2796340529753,1024.1488655442568,1200.4580156526292,1329.923196786941,1309.1789414827742,1188.8446949201268,1069.4986236092443,1018.8864307816572,1021.5859282038456,1051.8679218485931,1129.7753031148611,1251.3853546791172,1365.4519917628054,1455.4765643347378,1553.4941875079344,1620.718786697803,1711.4269744114097,1747.3476112106514,1871.4030991234783,1907.46880721234,1837.3271914348936,1877.1082649290415,1922.782495769861,1968.45672661068,2014.1309574514987,2059.9303231713334,2105.604554012152,2151.278784852971
1975,605,Staten Island,boro,100.0,102.13238836243195,106.55396175303127,113.61147058059969,126.25850151033042,142.5147599996997,155.52137212407715,163.49079604721751,189.64184027017444,217.9922311960726,266.9982499515278,338.9258261502214,422.5865633024037,451.9031492060639,443.38060830877566,414.2934132447032,381.3335691060795,377.2292238113439,374.5344120480809,378.6813387307015,376.04177478892086,385.20368972541536,385.2597872741661,408.1469633995249,444.70008111073207,502.5697964140618,568.6714526457287,630.8127666696482,714.2594566221973,836.5408372777425,960.9678953283318,990.86810777912,964.3859395197396,902.1488168869222,875.131334150282,885.0492329766945,857.657706625852,856.5577517647657,869.186272680143,897.4648868616317,944.0758265032006,1016.3620648639588,1124.7393286966674,1189.980313367615,1246.030726529881,1258.4572563810268,1365.3201957177637,1432.0618312591978,1404.455839371952,1366.0089003693136,1396.1620061941092,1426.3151120189048,1456.4682178437,1486.7039349173308,1516.8570407421264,1547.0101465669218
1975,101,Financial District,cd,100.0,101.22169299196422,216.4626609252663,299.4478049661144,304.04869458209373,635.731460329408,159.89705024911444,930.21448084147,888.5691644890355,789.695447178517,1324.0939834442297,1802.554041758571,1689.64466925817,1578.6917924308975,1770.4226949439133,1647.2526212831476,1491.5308563550802,1447.8989845979231,1227.2226717952449,1277.488087878003,1394.95806342327,1428.9258068047152,1548.6817364608628,1703.3658738256856,1998.098453038207,2416.092888093024,2721.094776413436,2961.5700653973454,3230.5024634547026,3883.85641502757,4510.536137734258,5063.65510043853,5208.010482809877,5502.820800461646,5127.066261712581,4916.4560729786135,4957.585275525491,5211.036549434759,5692.152119263519,6395.554264475288,6634.586343148544,6890.198018794394,6957.894629577297,6683.331850924611,6597.958713732831,6018.218971131873,6364.445729048446,6571.777925330932,6335.500047028046,7450.94771023053,7621.704408940447,7792.461107650362,7963.217806360277,8134.442331642,8305.199030351914,8475.95572906183
1975,102,Greenwich Village/Soho,cd,100.0,111.21981960148956,125.34028152297122,146.60319025617645,178.97126125939644,206.00922104261016,256.4172244856058,330.8655107837862,359.81648937941225,430.4969806146906,565.8532910270221,566.5370748368525,699.6355558690135,702.3764976707404,785.1403696963574,746.708981148544,636.7280132989029,649.2599445585631,676.0373457897704,666.9593304842007,717.6650916609367,744.3988735584308,875.8249007289685,1123.2318418402554,1215.310883120858,1595.2771106511111,1726.56536315627,1920.2417777044573,1946.536756182654,2352.105321591188,2789.01375203261,3347.969008365495,3401.3454726219466,3773.612460932328,3209.560505574988,3292.9908868467287,3582.114621598636,3803.463051250181,4138.165042585831,4641.407292623699,4947.383731850724,4952.698390681699,4955.878813701306,4853.67243752859,4635.970214669169,4537.552042707997,4635.148376975936,5310.946011416504,4792.700022138788,5780.917681339801,5939.236333035429,6097.554984731055,6255.8736364266815,6414.626037852983,6572.944689548609,6731.263341244235
1975,103,Lower East Side/Chinatown,cd,100.0,73.16923792332977,116.3120950956901,99.58189141409576,122.96633495260384,140.4140591304688,150.50617339064308,184.3431210372644,222.8709080556944,294.7902336581428,383.4832654310604,529.8666859959781,695.8620485398196,665.472877701389,713.8495041599557,681.0300126180764,751.5885839510399,531.8489678380266,614.7444778226468,566.2750868968126,668.6417196610785,611.3661928774029,758.0591366217682,795.548973961912,971.4604122774526,971.8925386448556,1331.9863556406322,1392.1824917669455,1642.0205239916877,1975.8134954693428,2293.3453645938425,2470.150693900651,2707.3336244492443,2989.447407303177,2454.290769684627,2615.98910534418,2819.518289974914,3235.5885388054085,3298.726973797458,3548.133043477499,3903.696838867726,4189.853717244885,4026.48348752904,4281.706529674557,4443.437566343503,4005.2222167392015,4006.8739757557714,4248.913617948524,3931.1131687366383,4854.987092288205,4991.891134708892,5128.795177129576,5265.699219550261,5402.978341539222,5539.882383959906,5676.786426380591
1975,104,Clinton/Chelsea,cd,100.0,55.47755332561037,71.39816235129,64.67192590895037,81.16181203071908,97.84902638084456,132.40586528092172,155.19824734664127,176.7767817748104,253.0370871573832,351.2107715163547,401.0317490837206,382.92965350662354,473.6934863986135,513.9659911630453,517.2586923592412,331.42984486845364,323.84765052133616,320.380299651155,328.2844626688691,346.426980575389,384.5351829052879,437.9524724422998,511.1561180672241,637.8703955333798,718.4015393575248,824.6029181947524,951.7826465655,1017.3753316912124,1202.2263839936634,1509.9424775950588,1536.18432224115,1684.76582640864,1696.2390842578486,1469.0487973829015,1562.869369402511,1603.5682803350578,1706.3728089741264,1942.06934893088,2132.8362179430533,2303.2908572352344,2258.494579148239,2264.4823075284,2213.0356266979584,2136.353746355888,2004.816558005955,2049.616784541956,2170.406064898289,2070.7568378400924,2487.0440384455464,2548.087073175806,2609.130107906064,2670.173142636322,2731.383418557623,2792.426453287881,2853.46948801814
1975,105,Midtown,cd,100.0,103.37264129012182,105.91329122289852,145.0358830258155,173.92287099070245,301.8709155267404,297.45439502339326,314.0083535967796,272.1736536629878,422.7187533012304,451.592685054416,439.9026880962402,445.9649198871457,497.6553885715917,509.6991812001384,476.4023191555852,447.9229053887231,384.7709001522501,413.6531267595816,402.0965985626271,418.8148690457472,440.65573621948187,469.3347313036416,518.1969167678251,577.1862020715897,718.0129153891131,821.7300684506467,870.8283490885132,920.5509123413794,1113.1070700775683,1316.2545967894891,1516.3475493904791,1579.2047561956283,1662.9183643000222,1442.882388493463,1464.80130339328,1550.340734579332,1608.420155524162,1809.5594911392136,2015.1103170713288,2073.6817351074064,2046.1208896538064,1997.497852150662,1967.0253787204915,1890.8922602240616,1747.4744933451937,1765.5663283133945,1857.3391637532995,1820.587763297039,2117.80132649897,2162.6044939156272,2207.4076613322845,2252.2108287489414,2297.1367445694805,2341.9399119861373,2386.7430794027946
1975,106,Stuyvesant Town/Turtle Bay,cd,100.0,125.92436765841452,124.14796878440616,151.7545988789837,197.22869854571303,230.72657455190767,289.0143017873038,356.8834362084849,422.3775641116955,543.9594149650253,687.4860037259143,676.1737833160727,717.0487135662042,713.7255509978947,761.7162169821885,737.1750074172055,666.2928119009894,609.731200738506,601.0203847070833,561.5119459692481,622.7293008991642,636.3431918950594,707.9951867864156,782.2340255394423,882.7089469716997,1065.9489510536196,1235.5880025035508,1320.8076095808456,1402.1501955967246,1631.9372997230748,2001.3292654665224,2167.343883385138,2237.249214390026,2293.3927089512727,2101.2159376056097,2093.197803183337,2162.549183586741,2237.53116106506,2415.532689454772,2660.864261915959,2828.330655617812,2981.121821178136,2935.2835714623425,2833.115045835248,2707.277192423266,2599.9315527857552,2655.2668710036164,2701.112062142894,2646.9683195198904,3138.5389449848312,3209.229633037264,3279.920321089697,3350.61100914213,3421.495370312515,3492.186058364948,3562.8767464173816
1975,107,Upper West Side,cd,100.0,95.38780997602136,104.37177995111124,132.14843480756485,151.4863708238441,192.19165628893927,233.6942093653271,263.98819668273563,300.8473051024789,395.03239592764953,452.24857729921285,529.6898880440853,718.5063267468266,683.9360045819146,617.1086601041804,666.6442709595618,569.8049726348827,517.2728340913632,558.4761944738777,572.3726616071323,622.7675462455983,671.7473501680183,744.6921745175437,909.814778354113,1025.560026317724,1237.5254193758774,1340.354625607118,1542.4401822266475,1626.964783109457,1935.5984793861885,2403.7168029548884,2460.848264716037,2617.9835538877733,2684.2238999761607,2409.005209689454,2522.24401646909,2610.221018010341,2710.810192559824,2990.537515394248,3336.9272111898176,3500.3921649838376,3584.534420256374,3654.653533289,3578.2304447733018,3335.1504632989404,3197.961943873904,3311.203239043929,3566.049560800001,3376.0736281847253,4051.158194772762,4154.202836130541,4257.247477488318,4360.292118846095,4463.619074289784,4566.663715647561,4669.708357005338
1975,108,Upper East Side,cd,100.0,95.86960744428876,97.36906266051535,119.92678818191156,170.24951076277182,219.8096451444564,298.0565383950047,317.83203199144464,364.8017446494295,444.0109396021444,544.7171847072141,616.747700810016,649.6188987674408,669.3256124072851,712.6095055587681,632.6795646157918,623.8517780593993,584.7802604450628,551.3039431960678,491.7674917361138,603.4032367457818,599.7331484313999,658.8071857817183,787.7230042839763,864.3157397175303,1105.4185079354802,1172.0963489146982,1228.999407670291,1175.594852743566,1518.3653372799683,1862.2074434271472,1961.3674370363376,2118.58255676905,2224.0010027502067,1872.158510289156,1941.6995002680424,1992.7122016572084,2023.000981618856,2277.598553980265,2550.2149530222914,2647.954637032963,2591.9228769180227,2678.4382237000023,2530.765887827474,2601.662139226265,2371.319896005615,2471.9469446586063,2556.0442591028104,2374.481346938124,2881.129909559396,2945.1537674048736,3009.1776252503505,3073.201483095828,3137.4007487710182,3201.4246066164947,3265.4484644619715
1975,109,Morningside Heights/Hamilton,cd,100.0,118.40227797227234,156.98191654238235,119.08527348442828,182.2168455457018,183.2261296902832,209.91689324494268,195.4221425133765,296.6055979168096,376.5019067268845,459.9502878810911,658.5043333871635,761.3806284406473,838.5549016284932,1128.2035026660906,993.966076045398,796.0078696622322,853.9165958527418,830.2319466254719,643.1902227561502,866.8627891485831,762.6996248377318,1086.7132787904868,1305.7098833784112,1450.355031613854,1566.6518256344325,2212.677340779327,2426.742436675176,3123.627343419849,3290.2844456761777,5271.454349574556,5040.911039964258,6058.223808314847,5548.484873889673,4564.559830650389,4375.007738378175,4415.473804649413,5579.77903576032,5667.537696582675,6833.542485984193,8655.635072314055,9209.996797743095,9097.772803184413,9643.320748888904,9279.729463413809,9506.144485838544,8556.6060681946,8308.467160757982,6854.420820087678,8732.374945982241,8942.437656288608,9152.500366594975,9362.563076901342,9573.201301482522,9783.264011788886,9993.326722095251
1975,110,Central Harlem,cd,100.0,98.7462794161386,77.91668165276275,118.318349801758,96.99456932210234,111.08572663861229,147.30316613939527,182.04205316114545,204.82615475839515,268.19764885949604,351.1776273358637,381.0295169185276,428.3955696000536,616.097347043996,793.730769854666,545.3794296971676,490.91937933751046,817.919204824632,505.028964347449,841.622132582814,1012.3477915944744,612.5951288792439,714.4989341417978,1048.2929101675484,1041.7429570010063,1245.571906385012,1462.9807072389467,1840.4472338776336,2245.070525985157,2814.367123397519,3358.473082997495,3947.085088541049,4756.222064659184,4450.043069516834,3967.535507284737,3803.403487200199,3957.0526891769055,4114.465116417216,4833.566880110105,5455.485324704116,6543.364398957372,7752.164344357442,7195.479908168345,7694.479649945341,6918.7763744642525,7082.687896738881,6758.23239131566,6864.018385919212,6546.181943025979,7976.709361590944,8212.907547772991,8449.105733955037,8685.303920137083,8922.149224637436,9158.34741081948,9394.545597001526
1975,111,East Harlem,cd,100.0,42.70504690527403,85.20014143747099,67.59145206908667,55.503924243817046,101.8650796066244,86.69560603544562,119.21365941375537,158.12262751505065,176.1893537901474,271.42020230279223,317.9194868052372,405.8395613924486,543.2437192813761,744.0619358999958,500.7953960374217,582.0522073506914,386.6537620591761,391.33763775337167,399.8307016238106,340.37315048119365,302.77860445891866,701.3521680362016,523.4712358606541,694.0532490389278,1023.7012095362676,1238.7045776481586,1322.2299173057677,1696.4811486240858,1930.973689530816,2689.179438355207,3167.740094948697,3153.1726941459865,3329.430682745687,2920.190040987611,2986.65664936974,3007.183304356557,2996.9498746420536,3374.188471924577,3916.881654366135,4347.381756670463,4613.818621739396,4475.849690454711,4713.336244599121,4545.111095997925,3684.3663555603625,4044.2576525328186,4376.772177956164,4240.906592445778,4613.155582533499,4723.088083041491,4833.020583549482,4942.9530840574735,5053.186769498364,5163.119270006355,5273.051770514346
1975,112,Washington Heights/Inwood,cd,100.0,94.90832310195309,103.90545193221044,120.9083299476227,120.38994844940798,122.34477562155188,153.50081238894148,188.08718857856337,196.4282446485809,253.95911045916367,351.0939597284707,460.7906958643396,544.8288043735776,823.0945508086961,715.6913076716072,827.3178855272258,571.8607506334594,532.4473167981572,489.6558195381121,471.15848803182985,614.932298153209,561.1757963292761,647.0050184409362,574.789736150846,895.4666361168474,1050.7107346966366,1217.5377953581658,1194.5396818258248,1824.219526809997,2346.9759047505745,2930.974784553799,3295.03103448789,3531.0950610888226,3285.531347866304,2635.330483429885,2378.857722972788,2589.626575070639,2824.881446155596,3405.2368844964403,4168.097287108961,4816.036669404612,5883.70360943586,5773.645755005353,5394.928993517343,5128.850807266972,4951.815010279001,5114.462321784338,5187.380742236006,3970.988376452418,5089.579462430651,5210.495036248713,5331.410610066775,5452.326183884837,5573.573033247607,5694.488607065669,5815.404180883731
1975,201,Mott Haven/Melrose,cd,100.0,151.78716302378217,113.2564843561222,91.31548955334348,183.06624004490416,129.01520248827126,140.11719262033887,161.5514893533741,156.84730963606873,138.2588450110506,220.0274402825796,270.8024489800482,368.1714725108381,386.1883890750404,667.4546487616337,472.2926488179769,655.2656028554771,709.7788522859531,701.544756466055,1102.88098831199,742.5365271682772,768.3905581590867,732.9400332385244,707.3253422364436,861.5302637414221,806.94969670885,1101.830463245393,1234.7608985381978,1602.2937351199218,1734.6154049247016,2020.605348898236,2317.1713593191253,2428.835816218047,2426.340190658432,2051.985680229847,1699.1888380339915,2329.324557399409,1687.139287422242,1619.270422615709,1936.093599093907,2277.8968935662087,3021.9761656619467,3189.858241537844,3172.5284669389266,3411.012864285244,3631.292279550429,3670.2729152242414,3434.7543469617376,3944.765620103869,3516.734556295777,3603.292575801582,3689.8505953073854,3776.4086148131896,3863.2037795779142,3949.7617990837193,4036.3198185895217
1975,202,Hunts Point/Longwood,cd,100.0,86.7019885164854,137.5475090214779,165.72695562863024,138.34667003407378,132.27339614499965,138.5269225235442,247.7847746524594,154.7189738988385,139.2997061011642,201.97385306074543,215.07339023788944,302.29916225838707,427.4878647997064,527.9766046914406,623.9608984338215,687.6239482223692,432.6669611147617,840.4678474843923,786.9924457795966,626.8011660283079,682.8412826685363,586.2070264304135,726.4815237832618,826.5441020138812,940.0717267972252,951.8804430260008,1075.2269387718366,1486.6682948717494,1491.9382885908522,1657.4871459219942,1894.136066396493,2289.6126484712267,1712.2335250531755,2054.692966650534,1263.7342353251163,1946.92576345374,999.78888311557,1244.668949439338,1513.580717751552,1829.1650270338585,1820.368530030477,2363.2090873288616,2515.627139170604,2800.771022585963,2281.438631669922,2954.040831592881,3419.764969055996,2671.9753227448905,2645.825796431414,2704.2944609983,2762.7631255651854,2821.231790132071,2879.8606428210583,2938.329307387944,2996.7979719548293
1975,203,Morrisania/Crotona,cd,100.0,72.02531144346914,115.7486724318784,93.14319060722624,113.91918961103192,110.8612808702386,174.3905949773873,129.6964138903065,140.0057966616074,132.5502310018161,230.44787084413431,248.16875789814625,412.3919463183837,436.8571353115652,362.8561703660241,571.9867998528672,761.0600028887499,819.5470005466634,586.7961107399096,771.1194626109166,890.39126592626,867.8625797602708,911.043038509308,930.6077425172888,1024.0382615133212,1115.615841609295,1228.835432067864,1348.7307265538002,1491.7772038498654,1836.1366062494617,2120.05145095578,2382.0206397509155,2169.872410000217,2245.4405949094107,1904.6581870079635,1681.7977237558562,1798.734969464619,1601.5214886267174,1562.645718639724,1537.3458063721037,2025.5639053377508,2758.8169912148624,2386.5131302717723,2864.053159909376,2844.1904100855822,3045.283007609875,3144.3177599263586,3188.4097902701155,3350.3039493068245,3030.306707830113,3097.6603871234456,3165.014066416777,3232.3677457101094,3299.905955631643,3367.2596349249748,3434.613314218306
1975,204,Highbridge/Concourse,cd,100.0,128.19845129512595,95.87652338562344,84.8579741670012,109.10231799583327,88.28293727466726,106.15232818613131,115.15523749199248,109.48381302454094,147.29253343465035,169.22901286138045,228.83260205414592,249.26025805659089,350.35811233764946,389.359626706862,438.4630760082326,417.220372838927,389.8560774380143,418.0545112609753,468.83388829967504,399.7727882454527,452.57696521358497,426.1342652447466,596.0929376949182,625.1784935000084,710.0593747540789,823.8185741845572,951.3703124658576,1053.0369609684055,1217.5251587888083,1435.638979095972,1560.4958044279974,1687.6909887462489,1512.198638582174,1502.661320808988,1333.3630109978508,1325.121785157297,1426.5160646762893,1367.2552124625297,1714.6457873050213,1816.287234538057,1945.942470160623,2152.9653155418964,2318.487648504577,2918.8197675144875,2214.0128418935537,2725.289192937054,2902.192898006141,2261.8956346934574,2647.322577635912,2718.212783424547,2789.102989213181,2859.993195001816,2931.0776205323373,3001.967826320972,3072.858032109606
1975,205,Fordham/University Heights,cd,100.0,109.03624381988186,97.8466366022714,98.7173342253594,93.38193128959354,106.74425228242906,127.275157737706,108.50874246394916,108.69933465264666,133.2235264539386,180.37824902741608,208.77331269733287,264.9869403679982,338.5989108875825,428.2087351334642,441.8965764363403,416.7260008571632,376.9624057163063,404.06419240026594,432.0899645576434,372.7620491405588,449.5330237820607,534.4886272601261,538.9337731400418,598.4706069940635,622.1229859232512,693.2985306069097,808.2809615617583,947.4880723004552,1046.11546467421,1214.8853995756729,1405.6507143744286,1442.64692448339,1488.5923180382872,1201.4564468907483,1098.6272310740185,1184.3110904507184,1200.1367237436366,1276.7082158549315,1504.9771630587618,1673.636517712723,1851.225069430812,1872.7038571498567,1838.4271467395351,1796.4669962761805,2089.2565128751576,2310.171100441352,2642.42219508088,2791.4101887586085,2400.4757378039662,2467.558702722262,2534.641667640557,2601.724632558852,2668.99138642213,2736.074351340425,2803.15731625872
1975,206,Belmont/East Tremont,cd,100.0,87.00314362179876,93.26939202098214,108.7112548951488,100.92559665863892,104.15271705972272,102.6210935530111,115.44087627061592,137.13507095974464,163.09124182031096,203.9458241595061,260.045403892182,323.9121695362722,420.849871520469,507.6606889196202,522.5675877389979,514.090645281752,497.30059765244965,459.1003157800388,496.0336567930821,511.0630301508697,664.3499548432213,579.7012155641681,655.0977080740224,734.932767564467,895.5423273624793,908.8683154096822,986.0065372038456,1239.8874410997666,1408.386550385135,1672.9115233732682,1964.187741932925,1752.483150829452,2154.647200530326,1579.7177824688408,1370.361181034389,1236.4227436997066,1234.987847784403,1401.690835143978,1441.9544104469976,1749.373333605483,1912.6077962541576,1992.7454174956151,2254.6489126715064,2489.77532808059,2402.3700620622085,2572.0779080213683,2773.966368919787,2676.615271855705,2459.073420591282,2513.958341004153,2568.8432614170238,2623.728181829894,2678.763471887732,2733.648392300602,2788.5333127134727
1975,207,Kingsbridge Heights/Bedford,cd,100.0,103.65808610707695,107.49929564310423,114.14664515340196,104.8967393649198,124.19350662921876,117.9293502380982,125.8042636783674,131.73896116984236,155.56143253356657,199.1517274156444,272.1446808015369,338.1982239857506,435.7298392423407,470.9595073731353,472.9425287202054,407.2089895388136,435.9904944518929,398.38948989013466,436.8307424782,406.2848678067902,471.1675169076514,443.5691152115047,526.6235340383341,579.8250951771787,630.0596287363937,730.782003150035,753.9886381144402,923.5315880147044,1097.2099101630663,1310.0478920086566,1390.70386809801,1495.0472855620608,1393.2691262836267,1284.914529623892,1024.1922463615645,1077.0896419763203,1155.5420398719623,1267.9953704475236,1669.606633247003,1648.9026824429425,1886.90047073872,1819.5380917029468,1945.815317816673,2240.871996565781,2101.9580981372733,2260.786223835871,2367.787293870992,1622.0095874544431,2155.4716132912063,2207.797108452828,2260.1226036144494,2312.44809877607,2364.9169514586824,2417.242446620304,2469.5679417819247
1975,208,Riverdale/Fieldston,cd,100.0,110.16573212294608,105.09394150538614,115.62583347515915,135.4250895395927,142.42586870541862,165.90038063542818,185.888070020804,212.31964818454367,240.66010402846487,286.63218272714585,391.9042276493863,457.61492684445625,507.26130644352975,575.620594111703,533.2063912966858,437.66056157202246,481.924686247136,450.4850272690245,494.1396136524248,458.8535561560135,460.5955274652391,474.83730772220366,513.7503508548248,579.1746027312498,663.9221556333493,749.0807254353804,783.8969201738665,969.4762600188716,1056.8213298936964,1222.598203817783,1299.633372176204,1397.226739931407,1286.6142033510878,1287.6713887748165,1230.267890632606,1091.5320997633607,1207.4388089147178,1207.055986140374,1317.809008172272,1411.1667912461228,1437.3040782567275,1530.009801295227,1356.6600491045206,1600.9726907826416,1632.3293528765685,1767.7045542903252,1792.5000687273812,1802.95904738194,1813.7838077694796,1853.898299039928,1894.0127903103755,1934.127281580823,1974.35167556708,2014.4661668375277,2054.5806581079746
1975,209,Parkchester/Soundview,cd,100.0,93.35091118766826,96.82285798307171,94.0996180402774,106.17425900004072,109.42263304341682,125.17015070107875,134.54418040546145,145.61453213635525,166.4053774572856,193.31050616096863,262.9717493354001,352.7168253577844,422.4649437759306,454.4404485844675,435.2439451763508,354.96139046744844,357.8508488968334,333.50846607241704,335.8682735222458,312.3126345732882,299.8113917823889,363.58083561209975,342.16711428862,379.7252453353044,345.37330020090894,404.8252161619474,443.7719932831176,516.4212055216992,623.1009097064053,725.4087855499092,873.8772594300444,939.2354781588776,925.7592574662092,856.8954727009334,829.299341223997,769.2709024365834,730.5297231780918,718.334645622058,765.5034353381506,813.9903979467922,876.072498603033,970.234083232496,1066.5284537891312,1238.6106410137704,1264.121018874728,1373.675373067363,1393.435084231293,1476.0305159981203,1218.876652122942,1244.369994245485,1269.8633363680278,1295.3566784905706,1320.9198653860522,1346.413207508595,1371.9065496311378
1975,210,Throgs Neck/Co-op City,cd,100.0,105.96398523844113,110.8114507219334,118.86008749450086,129.7618356679328,139.2302556764064,154.35539754700514,168.7436920398778,199.876980583931,235.204166885362,298.9770521357096,392.8752677766296,453.5846505929868,522.6040306948736,518.0944010383237,501.0724275434953,470.047556156656,452.649108681719,442.06690990990126,445.4416576310786,458.02686542550185,462.4712535362444,475.6981030596903,510.8051159044564,546.9913136506551,605.4531628666125,651.4063170040079,718.2928732203069,842.6187228300575,974.1952073720248,1112.5559295389778,1223.5658007724685,1177.0529395396334,1116.3807077336096,1009.0441234328308,995.0560579317724,942.9325095220372,970.3478272462042,1008.5956841627184,1045.6539794669209,1100.535638060371,1153.7229142928395,1214.453471660043,1266.9359742329948,1369.9841942555288,1485.2827487942443,1570.7902066750112,1666.23308399047,1595.1016621248689,1517.1335579124443,1547.8317170714529,1578.5298762304608,1609.228035389469,1640.0102990941184,1670.7084582531263,1701.4066174121344
1975,211,Morris Park/Bronxdale,cd,100.0,105.37513190657168,113.39249658545468,118.34990851363474,129.33104697498663,136.76084038870147,154.5951221056525,160.9932342779726,187.550100594144,211.36568990871805,271.0164534855745,351.7906896313435,434.0535590536233,488.9729944718232,508.42034128811184,510.66876844382784,434.3230070625277,442.6728890731422,445.61551439256976,443.0569205765336,450.9775587606529,460.3001532891584,471.8702435474002,508.8355138586727,534.1354604696219,575.876282186327,632.0501249908816,684.9455389221184,809.2504926854822,941.4023563662032,1097.5394938120528,1229.7782697960322,1252.020926802761,1094.77619828708,1002.9119644236443,995.2648114879638,961.7395466231792,958.154606571654,966.4122150510204,1070.0093274941212,1125.0886434391389,1161.5528507487222,1228.2819528631949,1386.364270262008,1505.2424707258876,1611.6657172728676,1704.4278037865056,1731.1045343346098,1729.6668846085904,1597.6664006463518,1632.0329319300831,1666.3994632138138,1700.7659944975446,1735.2266806615048,1769.593211945236,1803.9597432289663
1975,212,Williamsbridge/Baychester,cd,100.0,102.60676105461064,107.58018614938554,112.87503956385213,118.45208128469577,126.16139234134592,136.3616818864815,146.41193149534448,162.38333781267255,182.93841077969608,222.4595042705237,278.0703529509159,354.10262590568,423.7506072656618,456.3494173630354,438.77209745141255,394.17763731200216,389.31961347689776,405.63977105838376,405.1671982144188,417.06348462996095,424.1586328381423,432.56110931033936,458.28411259011983,488.58557564688505,533.9858778170095,575.091393237248,598.4064052219824,702.6957568246886,817.051224687405,952.237737759157,1086.1920288484534,1060.0755056170635,992.3734719191142,878.2730402817474,833.960358784474,813.5545388282253,726.0191478187784,763.3276263948674,849.6884682575799,928.9876187661096,1015.062802763371,1044.0573500868427,1095.4911375317022,1168.8542306771951,1288.108414309027,1419.0160992975243,1482.660925203864,1398.3976023887185,1306.9146100770747,1333.379201519632,1359.843792962189,1386.308384404746,1412.8454815772827,1439.3100730198398,1465.774664462397
1975,301,Greenpoint/Williamsburg,cd,100.0,93.4493082876206,110.12554773360166,111.83544980143569,118.55455828363742,135.9164714446324,136.53925133590687,165.7992295059234,199.0201353373444,260.09258912577246,352.7076572333468,448.6980288623904,600.5395302116168,628.2806052316724,737.4791436564493,742.9724562937304,680.9166239008757,686.0731814422799,620.6027100556332,676.9310400100442,697.025781268863,729.9598095681771,781.4981882131899,924.626514484764,1046.9046514025467,1171.9202270862827,1333.498615370277,1671.4110642923774,1969.5049773272813,2382.3477510362336,2730.3593126432907,3182.6465983629805,3178.0175156824744,3317.862096796984,2747.886091983743,2853.1665529569864,2950.6410864042628,3287.5658870732022,4065.811315555098,4862.211085730527,5290.458766002567,5462.80419156944,5548.574982761863,5724.74593347963,5768.872775444287,5882.582178576765,6030.083753134988,6463.8678244356215,6716.210966775518,7028.477106793278,7257.173201787216,7485.869296781151,7714.565391775088,7943.888051412844,8172.584146406779,8401.280241400715
1975,302,Fort Greene/Brooklyn Heights,cd,100.0,88.69630260115392,108.05609731528872,118.03582201844516,134.57353502210412,160.28441544034823,205.4263679832049,229.01939209912445,226.7689169055988,337.1841779641635,432.0743549629931,580.2008435735102,709.6586488693025,782.2716409400326,858.5402444988256,779.3397767248699,660.341626799876,556.8159780550066,612.9914050050504,625.6851719532159,703.0942423006884,809.4908675950256,791.3532079571628,952.0309479191332,1167.5427935866776,1360.7188651635222,1669.6687323622634,1825.877212899448,2164.099723974749,2623.2590011395228,3178.85700278081,3569.9522711855584,3613.8455287738375,3784.8120841289046,3465.574691546365,3413.636004884026,3528.7728138022644,3762.820355618295,4576.972165906496,5218.659887094012,5826.4912605514,5866.302185287183,6174.753768069765,6489.095619608214,6261.92712393627,6160.310187155634,6297.852197400181,6616.385478016103,6706.113883454686,7490.330651946124,7725.231570355272,7960.132488764414,8195.03340717356,8430.577889742728,8665.478808151873,8900.379726561016
1975,303,Bedford Stuyvesant,cd,100.0,120.0101876849938,110.12335351707014,132.44961241371377,128.79747416654178,143.3864932292451,174.68505566861725,196.39797053499163,200.8229358349586,226.7241804626205,283.9136305795032,370.1551861966672,451.9460928859446,561.1657172527302,677.2937755856434,754.156115368646,714.9605567270653,752.7927661189013,842.8061177195513,783.769934266645,832.1877505747036,859.3380450538776,953.611669195261,1003.3984917965016,1142.9454561048483,1325.9789397775055,1523.7947284669335,1709.6176689702525,2155.848481718165,2528.014727057641,3042.4807269204143,3544.09402870321,3581.855845278711,3237.1647712541817,2560.6297460491623,2206.477505309558,2193.1567494193578,2393.022231480156,2939.600869959489,4085.7600599014017,4979.136622156365,5551.3200314493,5672.021673983123,6442.113671101578,6265.2344927208,6475.033624945304,6868.066177350572,7320.577043665108,7493.772596611472,6954.220030258686,7175.0582455625245,7395.896460866359,7616.734676170196,7838.177927680344,8059.01614298418,8279.854358288014
1975,304,Bushwick,cd,100.0,105.0649673215902,106.87161932689722,107.54418407253527,117.39395828168117,126.70165518301609,123.86245515536656,147.42790885559188,160.8993444952223,181.83706291623955,265.687929677943,353.2333008883317,473.3268991273905,508.889268337939,582.0470041038018,639.5594711515395,582.0046236086971,545.3136155984845,603.2083330456203,544.970332694613,600.4562418545598,626.7205325194745,725.2830764678616,782.7125558712667,882.5863719758261,1004.1678021644592,1050.838028054506,1232.703307549048,1503.77538202566,1795.4225215715385,2075.6237362199386,2494.645625413695,2453.0610373872582,2187.7713092122544,1954.363546961391,1846.9889192891264,1606.3107086312743,1774.7873876351364,2198.4693475110807,3001.321032064976,3912.235317610895,4092.4724364581903,4193.276374755871,4411.338441768162,4597.08445352132,4460.430850523559,4821.4857505595055,5077.261097506566,4607.097119992959,4889.82561893805,5040.867895460949,5191.910171983845,5342.952448506743,5494.4085394858685,5645.450816008764,5796.493092531661
1975,305,East New York/Starrett City,cd,100.0,108.61908076168964,109.1767704581688,108.52512492901243,117.92420905884408,126.4357683638964,128.86330736282383,142.1684512188826,150.80289849522376,177.80241754895894,223.5225996516052,306.0991306978401,396.2036839461415,459.9190331873931,508.7204398649536,494.0886108968417,473.6265335310942,452.6431072032633,443.54119993659504,446.963038274232,469.17284343493446,488.7439359212196,529.2823977496995,530.1911776750057,573.1221406184202,638.9361014498206,758.4645851479,783.5886761458779,968.1960813116816,1144.2879543400447,1399.6252539375646,1620.2707389997051,1701.24085366336,1440.3598553868296,1179.9905343405976,1036.7934688684643,934.6316130069836,857.0602317027434,964.1870209971096,1118.347985926294,1307.9522468596535,1517.8557285003833,1783.7789610429702,1718.6701273384606,1897.9098038748864,2165.664340374162,2299.9504626991243,2179.54491486751,2148.4362450014605,1953.4749587293409,1995.9100266077623,2038.3450944861831,2080.780162364604,2123.3314907029658,2165.7665585813866,2208.201626459808
1975,306,Park Slope/Carroll Gardens,cd,100.0,98.70945633428094,113.9265821261669,118.16229438428378,138.69444937496468,167.76448252283478,217.373209043564,256.45589257357256,299.23732270250844,375.6665807281354,555.5556150350096,707.4650124131565,848.2751856406393,918.5046200507694,925.3077044560694,865.6674301582661,731.5120123881252,677.3047340876712,689.7015031420849,745.1556465336816,807.829474365817,882.1022239293825,970.3561790406878,1097.1001552890102,1209.8526668890086,1453.0352943107152,1756.1860580586042,1945.2398055099568,2313.1558629414167,2778.967008567863,3283.081505435928,3743.4064279483423,3863.0803010466975,3994.7960288052623,3609.436580596409,3826.1327703055817,3963.818637135787,4366.2734020168655,4810.893148134919,5778.177563151596,6283.366363159464,6642.535980948974,6655.50075606606,6727.195885288154,6625.137998516031,6741.949313456818,7052.239566453452,7894.665522051059,7977.96304198731,8419.735810523225,8691.59708554828,8963.458360573331,9235.319635598382,9507.925736034462,9779.787011059518,10051.648286084568
1975,307,Sunset Park,cd,100.0,108.45685935286453,107.66898172213251,110.2893538705434,116.89333282375172,119.72525536966442,144.7331379608258,155.9743953361768,181.88821363228163,248.31517367495803,313.52013166189096,461.4137432219267,589.0875802030397,670.2537425269694,669.4252382949345,678.5082125548345,618.4474243123071,549.9035600548685,551.5004872111307,571.9463794264966,593.8322383116936,645.1548717394173,692.833265326309,731.0279106293739,764.3336482902715,968.7347892382492,1139.3359383473155,1206.3197519578946,1473.1934908777337,1865.1116833501287,2127.6107878427583,2379.578548494726,2449.5405682734104,2471.82572177183,2369.015666062841,2486.678945906561,2580.722145544565,2692.440929839381,3001.1343377332,3575.510495516456,3937.088032245923,4185.272078661177,4196.47202767581,4522.884883755912,4538.535326565932,4612.209726653755,4760.817660946818,4982.197265725346,4574.28478693417,5379.913151858619,5553.039912368857,5726.166672879094,5899.293433389329,6072.894513791374,6246.021274301609,6419.148034811847
1975,308,Crown Heights/Prospect Heights,cd,100.0,99.85540334233076,97.3246450438721,99.41567347575472,91.31734226739756,115.87847810671175,126.2625416207785,145.2321408555721,143.2138316718563,189.3255374838185,201.12888741434475,316.2018825209492,392.125542530752,499.3173860703912,471.9877172908912,523.6130256419234,452.6643127884692,400.1567687261063,421.3883443145385,449.09854556028176,500.5021329518424,537.0404811468742,600.4861745752715,628.3116358492239,680.0175740434731,828.7193223771586,899.9380753300928,1075.4473859089974,1306.249973467061,1545.3583281466165,1854.6762642313136,2185.512221963996,2277.90243876915,2007.3900982137293,1965.617234513137,1898.518912251768,1822.640602698538,1871.94163560291,2281.9639601318468,2708.1884580585224,3105.462344724989,3421.9398217564403,3723.6582820595822,4023.857964316173,3830.391033832346,3996.6093153539646,4277.883241763722,4616.6210382943145,4594.990205002904,4809.4300440936695,4981.287051926935,5153.144059760199,5325.001067593462,5497.3289165440765,5669.1859243773415,5841.042932210604
1975,309,South Crown Heights/Lefferts Gardens,cd,100.0,112.2730461893477,115.4408836099438,120.21630456685742,123.76706732030212,135.2443430883233,159.3890140036615,178.53301514934944,188.27305557172576,229.4251471450252,272.5366437856255,369.6998793097503,456.3623110495344,495.6749756212118,532.863938263963,627.2021551583989,513.8209997600477,527.1746703634387,515.2045404016018,504.49413067659685,593.4870343234729,567.0504733339366,585.0583633107211,666.2948204295159,701.4369012626097,859.7532576752983,900.0230628668144,985.1710756123796,1122.4063132646177,1323.39337379103,1706.5016719522257,1813.641313975388,2100.464449209498,1800.6784699773898,1702.0266447268102,1656.2549303626568,1611.4248146251111,1766.1750132309753,1834.747189859829,2016.208214096257,2892.9830856513445,2759.61900256442,2988.238629980161,3183.0583179997807,3424.664460393765,3594.9888255006767,3553.696172196821,3781.0025229240687,3389.0623077719047,3751.200899249168,3866.435970365126,3981.671041481085,4096.906112597043,4212.456896236608,4327.691967352565,4442.927038468524
1975,310,Bay Ridge/Dyker Heights,cd,100.0,100.05160080806228,106.6197447004538,113.25488604594656,126.04175781672788,141.4356326348817,158.96297840297277,192.2626756954649,210.99504359881016,263.1860555859788,340.8004118642564,432.08361119853765,506.16606567984473,527.0170173427185,527.720481807571,537.8791971874864,501.6527099399833,465.52316505660576,486.5308697351043,480.2884054690043,476.8112976860494,495.3287007075656,512.6565283828173,570.2309706568917,625.2359994107329,673.0723317366491,788.11268169177,825.3320301641336,997.53995431272,1172.9751887414218,1322.9008829983268,1347.7182982623185,1344.9267212620543,1314.577028326332,1353.3635487178922,1392.4876551738191,1405.843835021186,1458.1909468375773,1547.4533207881805,1740.9999736874115,1954.5370500958604,1930.240437653728,2196.80371220973,2225.4513642647803,2272.9820246717027,2202.9789223347816,2356.5254548968387,2350.861065980156,2438.852230298405,2596.067304418644,2669.5276766133848,2742.988048808125,2816.448421002865,2890.11005449129,2963.5704266860303,3037.030798880771
1975,311,Bensonhurst,cd,100.0,107.5896155929112,113.24537012620937,120.7678574011331,129.4214034101835,144.92458863876132,166.51414806489495,183.2031780096925,219.4792958778678,271.95166207875343,347.57473606384065,453.938439917631,534.7584906312529,570.0642897032633,580.0288676160967,551.4536108028236,515.6635487681405,492.5296553157221,526.5453205820728,501.2271007672792,514.2552912054306,527.4073825490843,555.5682661066777,613.3142017596057,656.1548474954135,716.8865979337984,827.8521703140133,852.9497682838601,1038.3393350082897,1308.325176679405,1436.0085121208174,1418.858745747378,1490.6351486428007,1486.188058177759,1538.570612655329,1578.7781647869529,1619.277259074826,1614.2790037497762,1597.6478290986176,1898.708653785641,2076.424082710884,2307.343137682009,2337.234938772254,2449.701029377344,2446.50415184694,2499.7178665050915,2630.2660113464667,2627.518210070434,2629.132242583996,2871.083455090245,2953.022136685689,3034.960818281131,3116.8994998765734,3199.0626710106344,3281.0013526060766,3362.9400342015188
1975,312,Borough Park,cd,100.0,102.57070463151278,107.9617189790586,116.5780577890514,119.57083476867972,137.45728215228596,157.78641991142595,169.38304506285198,204.6324049532243,261.47724590783224,347.8434937034686,466.5778009625286,562.2067217500841,627.2743877514793,625.4674147660658,586.4855173206598,571.9918695143547,507.81300906703547,528.4320934279699,547.1287005391838,589.20971289806,572.1038715407988,626.1331402262425,675.8108257750604,800.1671041016133,884.3170231032682,956.124380394524,989.6156846476448,1208.4301184803728,1516.6665849809867,1668.321754644341,1886.570184724568,1847.815389127809,1782.8432088710106,1723.9448151864017,1630.848562108391,1620.2226390508813,1770.2000659946812,1960.655039590453,2030.9499707259256,2314.046122847436,2746.9008055447043,2778.1442777089064,3085.039425834801,3139.0874721463133,3286.16911093722,3175.481026329376,3530.7045820049752,4131.94762080266,3865.510849004017,4002.6722415239615,4139.833634043906,4276.995026563851,4414.532203720836,4551.693596240781,4688.854988760725
1975,313,Coney Island,cd,100.0,102.83283692587248,101.096584738381,102.77785959726482,114.91967310570166,138.23653025295184,149.39752720797088,175.10883326673488,187.383765222696,240.57306651739552,307.588644709316,418.13480628034966,521.4555849120658,577.8294962125664,566.7842507558097,583.9498650621523,528.6876229694844,454.2422136398949,451.2609036268363,512.1001413197907,509.5627402272903,502.65640492476615,519.1376674950077,584.0613635447054,632.2270048932886,706.3366883915488,844.0093434025064,949.1772165881748,1075.9677067095,1325.56291915387,1553.6750809955006,1840.9547573428868,1650.304302105831,1634.7053055509632,1476.1436345763657,1556.3026590429376,1533.7813331421717,1483.7593211976175,1601.0380961481744,1620.125948040033,1858.0406555981124,1971.17741428795,1992.0595171979307,2093.8703382803656,2214.884064736389,2185.62145318243,2231.1080343812696,2451.563070491328,2293.3694052454266,2462.2979760199837,2522.78773259578,2583.277489171576,2643.7672457473727,2704.4227276836505,2764.912484259447,2825.402240835243
1975,314,Flatbush/Midwood,cd,100.0,98.14683220055676,103.33281073348276,106.67501650292792,121.42833423920412,133.5011184415539,150.5451872644471,174.55501137286095,201.2061812412409,249.3792450886544,311.56597999956534,420.6033547272328,486.8833032459428,511.39041245751866,532.7513781222044,520.2682189606173,464.0484340624604,463.6279280498604,470.8731264758391,485.6737215274658,489.3549628600049,511.996502211557,537.0880831041278,575.1889853813213,655.1842034009104,748.7822041592813,850.6523016864346,846.6740132599256,1068.3852623087005,1293.40970063827,1533.453573774712,1595.6379969727318,1673.2801093342237,1576.2062744222233,1392.6931520562498,1375.2542516568255,1360.607617345724,1400.661346247876,1567.5674043069494,1885.677351490212,2227.9709567922364,2382.605316305871,2411.9842410237097,2557.468417528444,2774.541378165248,2485.6465244899823,2864.733415891955,2947.9202736453663,2755.4939346649,2954.633344729067,3039.609600372125,3124.5858560151837,3209.562111658241,3294.7711789605955,3379.7474346036533,3464.7236902467102
1975,315,Sheepshead Bay,cd,100.0,101.65588725058738,107.32721400619673,110.83756525906176,116.7936740504414,141.96898363796794,155.42061669829314,183.27741235107385,217.61167539316136,267.2115249152899,351.3920113344584,443.9046509307327,524.5610495135364,555.3268288005592,552.4090911658594,533.3797885650688,480.24013789590487,452.60153620958886,489.3841910666888,470.84794777059386,503.98939315091394,503.3179455784034,513.8521936827924,575.5460309197531,635.4383856067071,733.7133875814609,805.8037487996007,891.198747977422,1056.851524966584,1258.9094583962187,1463.9935761374809,1516.1067718839113,1496.4264595294026,1358.3433561205254,1266.754051615508,1343.9621785487666,1398.2015249425754,1352.3385714184635,1419.1590086485653,1595.6106913591188,1773.6043294369722,1848.6547035016429,1897.4684458058043,2037.5793459496592,2103.8018408017497,2050.051965039393,2295.821037246606,2323.38493586172,2430.7608671100093,2399.164054823148,2461.5089570757937,2523.853859328438,2586.198761581082,2648.7144717851047,2711.059374037749,2773.404276290394
1975,316,Brownsville,cd,100.0,93.41174909663305,95.80063157295996,104.6981024338248,125.51167552889068,99.18020818766254,143.79171952510592,108.60330064570726,132.92592636234423,231.74246057868783,254.65041058428545,298.379414309118,371.98978056925125,422.27571309871576,459.1501356740439,585.266114144087,589.2445377705745,508.8502175921287,554.8455438871284,620.6401591389974,645.3355117964538,705.2083307148637,761.9407157456686,819.1660130640855,899.5605704798385,1073.9198050313028,1185.0250284582855,1254.1358562502933,1569.4641209835947,1800.0104536823972,2143.082359838194,2513.5364828519823,2402.396107227305,2291.532092880057,1790.4659335994502,1581.1558385954706,1407.0741170033732,1416.1190179430405,1411.1311744228422,1813.749965684881,2404.283906514321,2601.525547808696,2813.1173568815807,3027.400687475943,3551.832530865272,3518.3138182315142,3869.422166440899,3991.581439376796,3414.189577782318,3264.6558440357794,3339.542242309308,3414.428640582836,3489.315038856364,3564.40660534434,3639.293003617868,3714.179401891396
1975,317,East Flatbush,cd,100.0,106.87842600782776,111.69196073986576,116.87248634494571,121.57040824935925,127.29570601714757,138.91944546256883,155.2564681163737,181.92632579097392,200.72511248042625,248.2677653569972,320.94664020664123,412.4480809877612,472.3051376455675,496.17383128618775,508.7555235667106,453.38623843596287,444.434600294661,438.9223620216064,434.5305632076184,431.0373084068295,448.5604362332499,466.8563463779452,484.1660100264573,542.3870217633137,586.9591125806045,655.4568130587203,691.7184798358314,783.045024948546,936.3201880590422,1107.6603390902692,1317.856688069449,1336.8030408130608,1189.3737142821126,1057.5005237293717,965.5078254169008,879.7374061857008,764.7117296266281,929.0115770278794,1040.8828980607836,1292.416622190326,1409.527462279205,1535.853792286459,1713.577275380395,1690.6281531637003,1742.2389904188635,1932.645507481123,1797.706277075806,1802.369940195488,1694.6442822552133,1730.7172018796844,1766.790121504155,1802.8630411286256,1839.0347906698755,1875.107710294346,1911.1806299188163
1975,318,Flatlands/Canarsie,cd,100.0,104.05850743336931,109.2195492934563,112.91268096218494,121.72310904860288,133.6130583806405,150.44080875702755,170.8648467854728,193.25319379039908,237.1298956618281,297.1214992894453,384.70217151514186,452.6411299251732,486.17326791362007,494.79429552451535,472.80180426759466,436.39527340357154,411.3196795284176,425.4092967467273,420.74764848311503,435.87957716179983,446.9272956397461,456.1550891335602,475.34895674798383,511.22653522794576,560.1412009559521,618.8897565792985,674.8832738501627,784.4244031297403,922.8204519768204,1056.134863654329,1197.6289682183524,1185.6135711394772,1066.0918597434004,1036.569092112986,994.1724620158697,933.8674752221292,920.702320983582,967.5979083873611,1072.2177823212692,1161.4174399347069,1210.0743325341978,1289.2296794396475,1310.900332214702,1367.0998585709033,1518.3268486256425,1626.5587315092314,1610.3834099292185,1552.1877593555396,1558.0928931989265,1592.1774705099826,1626.2620478210383,1660.3466251320942,1694.5245848467418,1728.6091621577973,1762.693739468853
1975,401,Astoria,cd,100.0,104.38247536401812,107.7803349958268,107.24542109021698,118.23536558082492,128.52748602279928,143.1023361623508,160.41957430098287,211.0353077295624,260.565883741985,352.79825523113743,485.4898562487133,570.7855703020425,589.0956949063682,590.6983463839954,544.357575514349,521.5254089910904,469.4233110646296,423.7128826054158,462.22673805095707,473.7971251859179,459.6332043502147,491.8056379137669,488.8453735040318,547.1624080427611,626.4340703039026,739.5978620658657,791.2864061495006,1009.2352877153128,1155.370293523447,1398.1148815447432,1517.1799167986865,1549.65821498089,1505.4353988508024,1458.2453295972318,1370.617125843747,1424.9068985255888,1429.5532656055268,1564.2778585158198,1753.898861691832,1909.720260616136,2168.7146030241656,2399.091949093497,2343.7933690822,2579.971617527324,2628.9607883807994,2542.896406822758,2658.711296514945,2642.870078702332,2812.590323164813,2894.0619259828086,2975.533528800804,3057.0051316187983,3138.6999443075274,3220.1715471255225,3301.643149943517
1975,402,Woodside/Sunnyside,cd,100.0,97.53026074134172,103.78036118868933,103.79363984436505,114.27968024699636,122.00573103461824,143.28373411797918,161.99247442127273,191.825301434307,248.991677580825,323.18926460463484,440.6678015915904,499.1951333471511,535.0743599834883,540.4933833840356,489.15199231214086,395.9219506428671,408.56545835116486,391.2464353150236,393.84396502852746,404.3662023440483,425.160156157305,428.0120748428274,472.7048334097781,504.4650129902528,576.1477610826781,656.2814998053606,743.9680826275966,930.0891515759658,1021.6331660509712,1248.237001716417,1322.645872738521,1299.37938810108,1200.504182836986,1118.783882345328,1078.7149564483825,1169.352902472674,1240.310358336971,1387.2943532157728,1575.8312180335724,1697.8812185532583,1919.139180295424,2007.119814141768,2040.2693977549911,2040.6705808016104,1974.408446978288,2022.409364021987,2160.6610943141904,2088.237596771422,2276.806665059396,2339.5429227720456,2402.2791804846947,2465.0154381973434,2527.923576068109,2590.6598337807586,2653.3960914934078
1975,403,Jackson Heights,cd,100.0,105.18417504930262,104.21399962497382,109.729146083455,116.09816249646354,133.70049680233933,144.48090574451905,159.79549740609556,201.2765316053025,254.80241041244923,326.5636820395502,450.1962992103787,526.226337562144,563.5656545537686,552.2863370953282,529.3957918588922,397.5274206230621,387.6197900643237,411.6485620538839,420.8949294658695,444.4908659990502,461.9214513987323,461.8871374473863,494.7806448668334,538.0023047424447,632.5770126409998,752.3156397095546,819.7834689863461,1041.1437327319916,1201.3865886400524,1441.1860222930025,1560.4552727687808,1575.334881881707,1339.272658281143,1179.7571864582696,1091.593173432014,1193.8629314820153,1149.4252678136563,1310.3912020014834,1487.9373367999017,1510.8839687740406,1751.0017462263274,1887.5477320750333,2092.112690377714,2107.0831563692627,1985.5740994183511,2177.801135430526,2290.2812428702487,2010.751305287376,2173.799043585295,2226.606634121504,2279.414224657712,2332.2218151939205,2385.1740840603647,2437.9816745965736,2490.7892651327816
1975,404,Elmhurst/Corona,cd,100.0,104.4698307031236,105.04677701853292,110.97126024689194,116.44043114602572,133.2834627688699,147.9471544021796,163.75552135688932,201.5847373552379,253.215016766286,346.4213128715484,464.78559580424366,533.2745570887496,589.3192759607657,559.7900096802949,540.9201820824086,467.03613783094767,385.1066231443336,387.4154061615643,392.96526005280265,428.5165347381484,433.0329383551481,456.671370186016,471.0862523244772,530.2186551242875,592.1308422298479,686.6854226485547,746.765985809609,914.2157629714956,1066.2858544117496,1269.139240460273,1399.2069627084752,1428.6706301482236,1282.542511599599,1157.7187537302054,1147.717770744867,1098.1080504162844,1167.7196478125534,1247.4920523026124,1473.4985089471932,1550.2600226045604,1603.149132434931,1767.5071759318157,1877.31890896842,1969.146577943648,1992.996762318392,2164.2469640658824,2115.332462746147,1825.967443588321,2096.4162874067792,2149.0694571218896,2201.722626836999,2254.375796552108,2307.173221526711,2359.82639124182,2412.4795609569296
1975,405,Ridgewood/Maspeth,cd,100.0,100.88191649312752,106.7694331256102,111.3220637390428,119.5353330821801,128.324651621768,141.6235501505209,157.52389836806628,183.50372508001587,235.6101773480828,315.9237286221752,424.3359099465746,480.7109584782628,518.0989112187743,505.4625722302465,474.02919938113325,422.94085802149147,418.6163190083918,429.95273080740446,427.3680733495903,427.8340378113352,440.5902744903113,452.4047424589989,469.0346676478109,511.3793687753364,581.655790543811,677.3410158081047,742.5630857255959,929.367612398874,1083.036399118191,1220.9673323548377,1304.0863981690136,1256.6912038344497,1209.0103110270666,1161.1057673047806,1127.7543918714764,1117.3427134084416,1209.4886781572548,1300.2731386323912,1419.4544484030378,1648.6837204221642,1800.1331643674046,1832.870660363264,1869.114977845151,1990.64903473384,1949.9696868041672,2074.6270564757474,2134.469087449407,2037.2169846737552,2204.3321988000075,2264.306078563024,2324.27995832604,2384.253838089055,2444.392029851422,2504.365909614438,2564.3397893774536
1975,406,Rego Park/Forest Hills,cd,100.0,106.86524598830978,113.03441823225886,124.34843112774372,141.73412011446217,166.53321187978963,194.4455224510817,208.5775759075765,245.1680099590673,291.9582516148354,380.3356681768896,480.0205707918007,534.7549048640881,562.2597367792623,549.1226129319318,528.7052056300694,450.91461069562655,462.3287328095437,431.7239485798078,476.2663499410437,481.5275489692552,496.7764486119585,501.3150643954915,530.3409693211461,573.8371125705512,663.832938563289,769.3422376025359,820.5610883763051,963.2510910476082,1124.0881630051963,1277.6639125126162,1378.4419448808887,1404.90348134718,1344.5911748271292,1313.6652931210888,1271.3962354526343,1258.6372556785343,1339.242021823385,1416.852278278974,1556.5535467182294,1706.524190886409,1772.412432249233,1857.2371564433697,1893.0650558311995,2002.8736070190512,2016.000235270917,2074.2829547599763,2083.9466141944204,2043.5638646222444,2247.9110968903424,2306.465216934445,2365.019336978547,2423.5734570226487,2482.287999313448,2540.84211935755,2599.396239401652
1975,407,Flushing/Whitestone,cd,100.0,106.9725557433998,112.3990443511471,115.88952933258308,129.37460140879128,150.2465866127088,171.42309828084095,194.4153518526404,223.1798056750295,292.18308203345464,375.6717145258458,460.4418382445657,517.261361556123,529.8710683435295,525.7130723043815,495.0057183078987,440.45953686143935,424.8400138956054,441.94318275305176,445.5530945820083,438.1725773344755,445.2288960174957,454.8756804357191,489.6100103467923,519.9731088127535,615.5047095537417,711.9595579431049,766.7398477100243,936.4297172219328,1072.2219336258968,1205.8774493231688,1275.6341499498965,1255.2686018271102,1245.642319278382,1203.7427309270238,1197.5160059229345,1232.2928128210342,1246.227843631617,1303.265002503317,1426.2268339956386,1539.8153887756332,1658.419238859313,1789.2635297281718,1872.1352370054128,1890.640634911293,1859.2510279394005,1925.9908247502224,1962.2479687201635,1888.6371866055115,2097.6343543526027,2151.9035608746,2206.172767396597,2260.441973918593,2314.859863198185,2369.1290697201816,2423.3982762421783
1975,408,Hillcrest/Fresh Meadows,cd,100.0,103.68746281754298,107.33160127745433,113.69402557846747,135.27934966955863,143.608045080238,167.74854993365898,180.2627665788984,211.1257172013895,265.10115444191734,339.13240924041594,431.7179041551813,479.82438846133294,497.2972021092308,478.0381094954719,476.8555622602579,415.6167037403623,409.6179619079253,409.1366294620725,426.39013352237,420.6094305025785,438.2860467154851,444.2256611874822,470.3718457748139,503.76899316530574,606.4645433349831,682.0832526669444,733.4452336361085,868.5817951085776,1014.9305681623936,1163.1666305568324,1228.1667993189797,1201.4594696749684,1141.6824315012732,1066.5577161143278,1057.4624063515091,1062.1883547672303,1121.0491306682611,1167.6885878962892,1269.605545536596,1374.584072077529,1476.488079990952,1557.137610316426,1671.2508725019443,1687.0359401112978,1640.7137802902262,1840.108705108369,1853.3641373272217,1852.3338615369223,1896.4152140261435,1944.0848528474085,1991.7544916686727,2039.4241304899376,2087.2243710613984,2134.894009882663,2182.563648703928
1975,409,Kew Gardens/Woodhaven,cd,100.0,101.16958533292784,103.70468789476584,111.44404375884038,119.03015834493252,125.06235209119323,140.31950958663626,152.2599325037742,181.62423230026056,226.094145978169,300.1356036381088,400.88082652833134,482.3851813173772,521.8747453837153,507.74967288876826,496.239076579463,453.9204559340427,451.4590945491375,432.9690209852166,448.6408132182101,452.634270988924,465.3578680175304,483.3751153451173,502.8056925312434,544.7011810072587,626.6025573366708,698.440872342488,773.5994777319908,945.2792204522444,1101.527374295218,1323.3366717538818,1452.3742412614151,1481.9349300396907,1212.3995422989092,1038.4629828217417,985.526336905299,942.0926842184364,1034.088122389651,1088.1790473935744,1221.7427784453691,1329.1476931122518,1508.3004001793774,1609.345081795577,1694.9374412559678,1889.2669935266752,1802.3476529703696,1994.2803732397783,2046.0605025506177,2086.2577170951927,1848.264866607573,1887.8665719188816,1927.4682772301896,1967.069982541498,2006.7801856755773,2046.3818909868855,2085.983596298194
1975,410,South Ozone Park/Howard Beach,cd,100.0,98.69932192633384,102.2127472121812,107.53473131945888,114.6500184463668,123.49804035307427,139.16506354612497,147.23687379404444,179.3279750381264,213.62725219081904,271.65598254656703,357.6485010862678,431.19538832026586,472.0412567251774,478.0595411936526,472.64680032757786,440.40083703280055,426.2452226657501,427.0805429751443,430.1597755524065,443.9501425801979,460.09818407680064,470.5167768910707,478.0316507046661,518.5979544074669,596.4537306718611,665.0614361551584,719.0085856261969,884.6371801724057,1018.0900299140584,1216.1536958204288,1328.1740346913946,1368.200440981125,1139.3770318977165,967.2005526854311,953.5006526987812,927.3370085038698,930.2177899076772,948.386663389558,1093.7458094509825,1174.028712987085,1219.3780622742024,1357.174834068236,1440.848510830096,1587.612154817025,1642.492007125558,1834.47397281989,1868.6240925950503,1763.8290520380554,1644.1192626769157,1678.6733156819037,1713.2273686868914,1747.7814216918791,1782.4301433352366,1816.9841963402248,1851.538249345212
1975,411,Bayside/Little Neck,cd,100.0,98.8011699435993,104.06364216619372,111.65176142218364,128.18910130937326,150.5992588588304,170.03574252650697,190.57847235094857,223.4257002122257,274.2787873869348,357.0850848495312,430.5159673489663,482.1551616257353,499.9681453088772,493.0041819664352,472.45268687892406,438.07175980627466,419.0402431510329,440.7702134322403,437.60535589719245,434.6808799897557,448.89801825272303,457.1159572661854,496.6654391669064,532.2879797613741,625.8143877745138,697.2196439546233,754.7021530863547,898.5777330060841,997.6116445004518,1146.2044531720742,1184.7502429449137,1175.341086395085,1162.119128456494,1111.2492831665484,1120.1854088669113,1140.6069241930034,1154.952645660475,1242.5082972035411,1326.485102378901,1398.918487396052,1498.4116187590143,1618.4460370035752,1676.4853020053454,1661.890938574568,1735.6674637887436,1763.410928180119,1877.3104578963528,1803.3913944684743,1930.8210686691489,1979.6544651767197,2028.4878616842896,2077.3212581918606,2126.288444826849,2175.12184133442,2223.95523784199
1975,412,Jamaica/Hollis,cd,100.0,104.61889935799609,106.91592746795496,111.19631317298762,119.45890261935786,126.11683224748782,136.26951718872692,145.59887815840582,170.2913024225847,194.5614807902149,236.62105724427727,301.51834626964296,381.4540461855873,443.1109346899821,469.4739961730058,476.5692629131582,410.2826685569978,426.5435172573895,447.9025403650348,446.8818609743977,470.1691632813268,481.4155690119621,509.7802007167222,528.5740894913571,550.8586364452183,643.5497837702536,696.9534851242142,760.6343314755818,910.5792340526624,1064.1161190865466,1252.8979843273105,1460.7594990785,1506.971659269782,1301.4886391265868,1052.5234970999722,918.1086314976408,882.9400285495965,875.1009659539085,921.6629436456612,959.7724547289304,1230.2730945768385,1332.6496741351318,1388.5204757297852,1529.7868378072944,1626.3611312379817,1816.106831348272,2016.4916450569765,1975.4958297708777,1875.7651492580533,1728.505963299275,1765.2203236293776,1801.93468395948,1838.6490442895813,1875.4639919082597,1912.1783522383616,1948.892712568464
1975,413,Queens Village,cd,100.0,100.95103359480068,103.70213812584778,108.00812996243808,115.29530997331813,126.61711354091364,136.87296664673005,149.97067697565765,172.37874634201168,204.1786231018256,255.98263939338307,320.63245041307897,376.0100183070338,424.0705382537956,427.2924488455645,427.0666187106602,404.0840934364474,395.9801459899791,394.6296098988546,402.0823112018874,413.9926807893141,411.8361156888045,427.91750529252727,444.476269245796,474.4155544486593,534.1132198791532,598.9285229629031,649.7185939183288,779.9877313693231,902.57785425007,1056.7364705693808,1168.2192675905733,1179.5037301102602,1056.0685132229123,932.00898518566,899.4041477226082,839.8386478844748,863.8949423087789,902.5152782514224,992.4159478212586,1050.4744015942877,1111.3185274690663,1234.2503707471294,1265.6906743157735,1389.508967864691,1457.1669801879375,1637.0895222119311,1600.809693089321,1570.556696107598,1469.2277895968398,1499.871415160791,1530.5150407247422,1561.158666288693,1591.8862469911755,1622.5298725551263,1653.1734981190773
1975,414,Rockaway/Broad Channel,cd,100.0,102.69066190541037,104.75558999567713,111.16108141550424,119.60052343462264,125.67742858110114,133.6490617593641,145.4023700631895,170.61634961128863,198.1123740277293,255.51589182761435,331.40214620380794,376.4842198859552,421.6579326996825,469.2836021951616,446.339883908642,421.1402849488557,409.1349539918125,416.4594336314571,414.0842891482384,418.1838184701279,439.5025774825252,472.9370684285799,485.6184697570781,472.1957003109185,580.3299034588122,672.871440570459,684.2328057538335,850.8363739632624,994.401686754271,1174.1614926384511,1338.7290668104265,1329.3620378252072,1235.4318362833803,1087.5935165236633,908.0593720800954,985.445639985037,883.0273157647907,855.0510279232033,1003.5628860633814,1082.1300597577465,1078.7473429440406,1199.4774660527514,1244.5393862042897,1463.3317350878085,1539.964738867172,1635.2416457397312,1719.9388657050613,1707.03652862352,1546.0549077359296,1578.1727915262943,1610.2906753166594,1642.408559107024,1674.6144370995546,1706.732320889919,1738.850204680284
1975,501,St. George/Stapleton,cd,100.0,101.24367933783198,103.0764510124378,108.42371518965528,119.82656379396886,131.96139168519605,138.29782505720902,151.35346283038103,177.82950828502285,208.9042879873521,255.7355813199912,329.70223720055213,418.4543671384803,458.5204651964848,450.7542621382232,423.994688789141,391.1150015273122,384.4600137766413,383.7641158232372,383.3046381536824,381.9006958224544,389.673721931115,381.5002624791983,418.5677132428543,450.2738455882964,497.5865828780035,566.2181477295098,623.5864861361713,707.6352751732317,848.4861623103361,981.7976584235628,1041.986925203746,1017.2508844978558,938.3891441405474,875.3200335446406,859.6721496313888,826.7323036804927,848.7244382805007,868.2905795994436,892.2000776424966,961.8556312752936,1041.535371753296,1137.147523815588,1226.5291620267635,1290.550404217241,1347.4996721629416,1443.4080896329522,1460.2681912774085,1479.7144231310087,1384.2799600213789,1414.2850414569607,1444.2901228925425,1474.2952043281246,1504.3824914662698,1534.387572901852,1564.3926543374334
1975,502,South Beach/Willowbrook,cd,100.0,104.15009989558534,112.08073380925184,122.54218485289434,136.1328212381883,153.11680231667293,169.43998533970884,177.06571382117033,207.9717167809886,232.6360820783275,282.9441970059799,356.77238078458424,438.6838887234776,462.0835359536069,456.72077034397313,409.17982406891326,379.0825417713351,373.5191500109083,375.2021775790325,374.3036958247892,367.8851197981777,377.2655018962554,383.4297870130201,401.2345693781149,436.7905969273917,500.8267816554314,554.6740615435191,631.5002170713295,726.1793424848066,837.3923699747969,961.8328500692965,987.4626963704052,964.923505690694,902.2316633965088,880.0326741464593,895.5056304057358,874.6428018058193,850.0910380168825,868.9586178529108,900.0944584503754,953.7994024517902,1028.8589119451178,1148.7924659488406,1217.8316360863655,1270.5165804499802,1291.2829811997194,1388.063847717713,1478.112410156018,1422.7398440186273,1393.147946375466,1424.4968519670238,1455.8457575585817,1487.1946631501391,1518.6294561542763,1549.978361745834,1581.3272673373915
1975,503,Tottenville/Great Kills,cd,100.0,102.445325339956,107.4293838378566,112.69699574464912,126.7130094440004,147.95082668245624,168.2713300286924,169.63872033703132,191.73261149015912,219.81698548684832,268.9224231967254,339.62083917408046,420.6674977603558,446.2388465377138,433.8625822461486,417.6066621673785,382.4760335097747,383.1986236344444,375.6250477726833,385.1136406368432,383.9108221729063,394.4446183723384,395.2647997477419,412.6109200681672,453.8397030976286,516.5168398616009,590.354178570648,647.8633917013511,725.0500879313163,843.8911914419267,963.2534316204566,964.8525148905978,941.26214725678,896.0999983194004,886.0488162714983,905.4284813977052,876.9263650517308,878.6116602842094,882.811872582638,914.2454718566876,941.964945474204,1008.5260076862364,1118.661348027161,1170.327609930387,1218.9627315488178,1211.9896429053858,1328.6633715029873,1403.4170459440602,1364.0277050648851,1350.1219165911489,1379.527932638922,1408.9339486866947,1438.339964734468,1467.826545209769,1497.2325612575423,1526.638577305315
1975,595,,Neighborhood,100.0,102.6130348577911,107.52885621984875,114.55429859573292,127.55746482538586,144.34300689477507,158.66971347520345,166.01929899619424,192.51127885205688,220.45245185084264,269.20073384089886,342.03181905307224,425.9352512074379,455.61428256260183,447.1125382427817,416.9270583418109,384.2245256028073,380.39259580733136,378.1971137249843,380.9073248717716,377.8988792645128,387.12794739990295,386.73161641332007,410.8044008963788,446.9680485377723,504.97673479834526,570.415462614559,634.3166983029506,719.6215685297848,843.2565745756866,968.9613133711053,998.1007121549164,974.47884581511,912.2402686188188,880.4671746541994,886.86875381161,859.433823512681,859.1423788605308,873.3536900116642,902.1800026498531,952.5399930670959,1026.3067637948834,1134.8671125971966,1204.8961360145054,1260.0099054053464,1283.5907654226824,1386.711769617884,1447.2658824591624,1422.1606574048403,1375.849940995998,1406.1032753543022,1436.3566097126065,1466.6099440709104,1496.9461642767717,1527.1994986350762,1557.45283299338
1975,364,,Neighborhood,100.0,104.93958786324141,106.8178552296223,109.96617996582091,116.498667276431,129.1835630494886,141.53309476127706,161.04479166189677,177.87977129521036,222.06965154811792,282.03911605564684,387.1616847408695,481.94471035307015,539.243456194779,556.6549581630414,570.8503547059082,524.0098588247819,484.34497865917507,505.452425804177,499.08230036531785,525.8383409074183,553.399317430606,602.6849514347728,642.6314087402279,696.9084303056894,805.0861574833558,910.7569131475997,996.0568200016352,1214.549036167191,1471.913475471526,1702.74090622512,1907.7640298136366,1952.8844613330057,1818.018678514789,1726.8201905418646,1706.707677712782,1661.5710273295624,1711.4500225612544,1931.809302710006,2340.51276650655,2715.616512374701,2909.1872734519875,3071.8707160860363,3225.317301803472,3263.901132385521,3322.9351702908857,3524.488097035413,3639.0005987407208,3498.798804968983,3749.9657555214285,3865.609116610596,3981.252477699763,4096.89583878893,4212.856031004368,4328.499392093535,4444.142753182701
1975,215,Sheepshead Bay,Neighborhood,100.0,103.99094648059116,110.48634136742011,115.61247403874344,123.8915641298412,131.46111636502368,145.47840199606702,153.70258288665855,174.96671920340827,197.15205034420705,246.7379788780491,314.9305212911297,394.0780924796517,456.36180086874253,482.3848793255736,474.7204329476202,414.25032218726494,415.99625127502,425.6276427254768,424.1120593954762,434.0205216953069,442.2293930636504,452.21567642886976,483.5598132243963,511.36051805825343,554.9310800016683,603.5707591140648,641.6759720720504,755.9731247550853,879.226790526804,1024.888615785605,1157.9851493222427,1156.0482162099124,1043.574835103097,940.5925023526959,914.612585136219,887.6470427257022,842.0868771952162,864.8699207229439,959.8488978758505,1027.0381311026242,1088.3078267560466,1136.1696514750188,1240.927703896855,1337.0483507015415,1449.8870657909474,1561.721951542015,1606.882729769237,1564.0322434986545,1452.2905053617133,1482.7060667248575,1513.1216280880012,1543.5371894511454,1574.0360811193937,1604.4516424825379,1634.8672038456816
1975,126,,Neighborhood,100.0,95.38858017408774,101.882098181279,124.32785097903303,147.37527667867465,178.11535901831584,228.41718671642442,256.6358057509146,287.35909813349645,364.33414866298585,449.3532405782992,535.7427615728136,637.6513432959483,725.452055932632,681.8031577781853,708.8805737008598,588.5058337759137,544.8334704448611,533.1453190693526,511.766213791692,613.7010270481964,610.8854316428982,683.5014595800661,757.4425062629783,928.4474673840338,1131.2182206693315,1243.329589959994,1321.9930905742547,1542.2597208876732,1933.646573805577,2398.966343645278,2572.415578746755,2755.8870572485484,2731.252083530891,2305.498067802832,2280.933746569973,2397.519931579396,2519.564206778092,2891.1243179569847,3351.74648377369,3654.7944904738047,4020.0536355367526,4035.579170664785,3834.641775372706,3688.554469930726,3507.0322833861733,3632.537501828958,3769.8248540462723,3240.5144505250887,4007.2891889209363,4103.283879928043,4199.278570935147,4295.273261942253,4391.530952102803,4487.525643109908,4583.520334117014
1975,482,,Neighborhood,100.0,104.48824790856175,105.33879396372657,111.45796821274658,118.42038570779206,131.66611696879497,150.91593498148623,156.71753731084152,179.7488254979976,221.72152534875644,294.19331236614744,378.5026549910099,440.7094962569316,485.20807606733365,497.6358982961027,485.2175145067515,436.125481377081,427.3416380208448,424.6774731931737,446.09130026662183,433.6894767275183,463.0644037254652,492.89588736493346,510.27877566006055,557.0970673368024,623.5535680917556,709.6056640900096,786.2511533489125,946.3464990497954,1088.6918502732037,1259.213329049252,1385.1383246714363,1396.5441349261775,1313.648336547848,1178.67262253459,1120.826048825857,1125.5959359390326,1195.7388865284818,1270.5031700399677,1425.6819841563495,1589.498030533387,1733.0177665567066,1793.0391889380169,1823.8861554179634,1919.8141578889367,1964.3935219801529,2113.3403712292134,2226.7245998188314,2239.61218878745,2175.245975025472,2231.549142534653,2287.8523100438333,2344.1554775530135,2400.6129003156443,2456.916067824825,2513.219235334005
1975,213,Coney Island,Neighborhood,100.0,105.37513190657168,113.39249658545468,118.34990851363474,129.33104697498663,136.76084038870147,154.5951221056525,160.9932342779726,187.550100594144,211.36568990871805,271.0164534855745,351.7906896313435,434.0535590536233,488.9729944718232,508.42034128811184,510.66876844382784,434.3230070625277,442.6728890731422,445.61551439256976,443.0569205765336,450.9775587606529,460.3001532891584,471.8702435474002,508.8355138586727,534.1354604696219,575.876282186327,632.0501249908816,684.9455389221184,809.2504926854822,941.4023563662032,1097.5394938120528,1229.7782697960322,1252.020926802761,1094.77619828708,1002.9119644236443,995.2648114879638,961.7395466231792,958.154606571654,966.4122150510204,1070.0093274941212,1125.0886434391389,1161.5528507487222,1228.2819528631949,1386.364270262008,1505.2424707258876,1611.6657172728676,1704.4278037865056,1731.1045343346098,1729.6668846085904,1597.6664006463518,1632.0329319300831,1666.3994632138138,1700.7659944975446,1735.2266806615048,1769.593211945236,1803.9597432289663
1975,214,Flatbush/Midwood,Neighborhood,100.0,99.87191944978527,103.96744659185383,107.04043425251051,109.84102654988544,119.9258440046605,126.48706094188616,135.58679185972446,146.57894370629006,168.30174025684943,204.97391261571224,271.0622610292843,348.33922508307165,427.3151300946443,460.5831244402127,448.9861904493229,385.4493391060881,394.38698560854135,379.1792423403119,392.62207140495485,378.55366233667974,398.3791805093942,413.237020044648,442.35825363902467,482.71197205312274,503.13960225143745,570.2328708497436,598.7223455398467,714.2161834536973,845.7873481856255,995.8981384392409,1116.924385458836,1164.7860897793341,1103.8006185563167,1006.6943475355242,895.8173154566784,886.6383610803763,870.6969702896108,916.5525474881497,1094.9328456142446,1130.6268997186146,1259.3452573683746,1277.9431750074284,1369.2783030458356,1549.445622752249,1551.3958437736758,1684.4925654002527,1747.9611011020497,1498.8125686137607,1560.4209584970743,1595.1821014059817,1629.9432443148887,1664.7043872237955,1699.5607661406723,1734.3219090495795,1769.0830519584863
1975,127,,Neighborhood,100.0,89.73138691041575,104.4063355262997,118.10070392581447,131.15223551569554,161.7820215172558,190.7262323942545,232.04312022088482,269.4439353444515,342.2850687854965,440.56218576409753,496.1434635074337,596.5558515197642,690.9999564174705,709.644530164493,682.9831399853537,597.5026856300057,511.5262784218006,510.12250911811117,501.21844930800523,550.2005739447912,543.0112357128181,700.2611369452742,697.5774439762638,874.4472146112997,1094.4715786656002,1258.0462502792484,1345.0043477347713,1637.453913535066,1961.3713433476632,2506.300072832604,2772.7408193844403,2884.875130878152,2898.144659884856,2516.43541792814,2495.239047998739,2592.3950202560695,2692.5431686056336,3046.3738903175094,3520.6926036452187,3873.0353116691813,4265.794618152441,4209.858137552852,4129.902682181253,3929.0973897467757,3608.5187156247557,3781.2975210911754,3957.8286357837665,3558.7342291507034,4223.108046180436,4324.253897114502,4425.399748048568,4526.545598982634,4627.968561837068,4729.114412771133,4830.2602637052
1975,217,East Flatbush,Neighborhood,100.0,101.75832165530717,100.95839974422893,104.86272575771828,120.7996742698167,125.92425087441772,145.53526566825346,160.21612521313273,178.96709016044946,203.53274074287523,239.97134444405725,327.4379884923932,405.1658761011203,464.86312510973016,515.0305213480852,484.22516823651824,396.31097601973545,419.8877675719847,391.99674667072077,415.0039435873353,385.58309536465083,380.203459623814,419.2090716671517,427.9587325717224,479.4499240332771,504.64772791712915,576.952970798664,613.8344567284921,742.9487327702855,839.9611198000509,974.0034946838462,1086.7553158031242,1168.2311090451424,1106.1867304086486,1072.2834307378748,1029.7836159283015,930.401501099972,968.9842660464049,962.695315881216,1041.6562217552112,1112.5785945964576,1156.6882884298802,1250.1219422638615,1211.5942514468259,1419.791665898206,1448.225185875648,1570.689963678844,1592.9675764793371,1639.4947816900303,1516.3302299462107,1549.1341466427066,1581.9380633392016,1614.7419800356968,1647.635770476566,1680.4396871730614,1713.2436038695562
1975,128,,Neighborhood,100.0,94.90832310195309,103.90545193221044,120.9083299476227,120.38994844940798,122.34477562155188,153.50081238894148,188.08718857856337,196.4282446485809,253.95911045916367,351.0939597284707,460.7906958643396,544.8288043735776,823.0945508086961,715.6913076716072,827.3178855272258,571.8607506334594,532.4473167981572,489.6558195381121,471.15848803182985,614.932298153209,561.1757963292761,647.0050184409362,574.789736150846,895.4666361168474,1050.7107346966366,1217.5377953581658,1194.5396818258248,1824.219526809997,2346.9759047505745,2930.974784553799,3295.03103448789,3531.0950610888226,3285.531347866304,2635.330483429885,2378.857722972788,2589.626575070639,2824.881446155596,3405.2368844964403,4168.097287108961,4816.036669404612,5883.70360943586,5773.645755005353,5394.928993517343,5128.850807266972,4951.815010279001,5114.462321784338,5187.380742236006,3970.988376452418,5089.579462430651,5210.495036248713,5331.410610066775,5452.326183884837,5573.573033247607,5694.488607065669,5815.404180883731
1975,218,Flatlands/Canarsie,Neighborhood,100.0,109.03624381988186,97.8466366022714,98.7173342253594,93.38193128959354,106.74425228242906,127.275157737706,108.50874246394916,108.69933465264666,133.2235264539386,180.37824902741608,208.77331269733287,264.9869403679982,338.5989108875825,428.2087351334642,441.8965764363403,416.7260008571632,376.9624057163063,404.06419240026594,432.0899645576434,372.7620491405588,449.5330237820607,534.4886272601261,538.9337731400418,598.4706069940635,622.1229859232512,693.2985306069097,808.2809615617583,947.4880723004552,1046.11546467421,1214.8853995756729,1405.6507143744286,1442.64692448339,1488.5923180382872,1201.4564468907483,1098.6272310740185,1184.3110904507184,1200.1367237436366,1276.7082158549315,1504.9771630587618,1673.636517712723,1851.225069430812,1872.7038571498567,1838.4271467395351,1796.4669962761805,2089.2565128751576,2310.171100441352,2642.42219508088,2791.4101887586085,2400.4757378039662,2467.558702722262,2534.641667640557,2601.724632558852,2668.99138642213,2736.074351340425,2803.15731625872
1975,216,Brownsville,Neighborhood,100.0,104.85643467035575,103.64144348128985,98.08608311868649,112.95713210901286,112.07858478318839,143.42961538416318,134.81211596676303,142.62714813083466,163.43159872971748,216.67182886501917,269.4197250747528,346.06351789685726,408.2688662450817,439.0112815795133,496.38821089853144,508.16673453921567,517.07254248703,464.8499604175438,541.545732280165,530.4449148670712,557.642024055289,586.6258096840961,644.8462010517684,706.7154911846607,777.9300894799937,873.7583155736779,973.0697301888207,1115.4446242843994,1289.149639901544,1498.293508361302,1661.9501326823863,1674.3592657903157,1633.2114387202398,1474.1118358706292,1336.0139641150827,1349.9249862089987,1358.90327149034,1353.41628327439,1518.6944412270398,1731.6636122086634,1998.3221522657564,1985.5480260646882,2094.4070010645023,2290.1124661647227,2245.2204288137887,2486.8706518987724,2631.3812380211293,2551.6422050352076,2472.9722077598676,2534.332543077546,2595.6928783952226,2657.0532137129003,2718.581659538298,2779.941994855975,2841.3023301736516
1975,255,,Neighborhood,100.0,98.54446825987252,100.67137178813604,108.14583789099683,111.85542114079803,120.04868135944423,127.90524378190405,140.4193475938122,156.70205311262148,181.42953895990698,220.76006011581623,296.76651541962633,368.11053643106584,446.5764902455675,502.1703097472315,490.99011323305996,428.48039671500914,443.266656812078,410.3708247529037,440.71807161148814,422.12852217174037,473.9810977496252,465.42211852749404,509.40967681395034,568.4144277020499,633.7243529832828,698.3890650392613,741.9160221938175,912.3291236637604,1046.3796750370757,1232.7416011874043,1382.100560409296,1395.9981636204493,1440.0724469078125,1252.2997933921206,1113.530164813139,1043.5788469689928,1082.1246049372937,1148.7692093384835,1298.7183718011058,1405.8583013103353,1528.2212109631596,1578.1318484315711,1655.913183345458,1892.557664110696,1850.1946329876946,1993.5610148037317,2081.9222039373635,1894.4036056725522,1911.8013734437275,1955.0059356855986,1998.210497927469,2041.415060169339,2084.737991074887,2127.9425533167573,2171.1471155586273
1975,484,,Neighborhood,100.0,100.6949919158721,103.48416860392916,109.34790636748156,117.12527094049472,124.5877344670877,136.40706265274451,146.31962192861698,174.9721623247075,205.86981310927416,263.5859371870907,344.5253236450379,403.8398041031105,446.84959471242996,473.67157169440713,459.4933421181099,430.77056099082813,417.69008832878126,421.7699883033007,422.12203235032246,431.0669805251629,449.80038077966293,471.7269226598253,481.8250602308721,495.3968273591927,588.3918170653367,668.9664383628087,701.6206956900153,867.736777067834,1006.2458583341647,1195.1575942294398,1333.4515507509104,1348.7812394031662,1187.4044340905484,1027.3970346045471,930.7800123894383,956.3913242444535,906.622552836234,901.7188456563806,1048.654347757182,1128.0793863724157,1149.0627026091215,1278.3261500604935,1342.693948517193,1525.4719449524168,1591.2283729963651,1734.8578092798107,1794.281479150056,1735.4327903307876,1595.0870852064227,1628.423053604099,1661.7590220017755,1695.0949903994515,1728.5222902173955,1761.858258615072,1795.194227012748
1975,481,,Neighborhood,100.0,104.72480927243443,107.62175473318881,114.34607268799694,126.32613719670564,142.0723592058565,161.06079006648608,176.5111076009791,210.65983901604787,263.89234354118526,344.71006508205977,448.0071724557502,512.2877884749691,544.0312805217121,528.7833023993627,511.18692278649837,437.57914428091345,420.16203606181153,419.13945833259953,435.118430130384,444.3252047554053,456.767274852725,467.058338166202,493.16590252755105,535.0835592371002,622.8521006099221,716.8044971521971,776.8158503750641,944.8168865889751,1096.740080356751,1280.0616544832958,1382.3798951480728,1391.2619991531465,1261.021772964406,1159.9841105287762,1125.2019881348763,1131.1970148972557,1176.292005689854,1255.6446950627085,1405.9274250738215,1501.8692227050708,1628.2951716566888,1744.6730477150656,1850.1367009901098,1924.3411516468714,1882.813926367943,2029.4518262257925,2058.5388214014697,1951.2518964559283,2060.073477144789,2110.9993823031214,2161.925287461453,2212.851192619784,2263.916620805948,2314.842525964279,2365.7684311226108
1975,483,,Neighborhood,100.0,99.82517776056726,102.95744266901448,107.77143064094848,114.97266420984246,125.05757694699395,138.0190150964275,148.60377538485105,175.85336069006905,208.9029376463223,263.81931096997505,339.1404757496734,403.60270331364984,448.0558974894865,452.67599501960854,449.856709519119,422.242465234624,411.1126843278646,410.8550764369994,416.121043377147,428.971411684756,435.9671498828026,449.217141091799,461.25395997523106,496.5067544280631,565.2834752755072,631.9949795590308,684.3635897722629,832.3124557708644,960.3339420820641,1136.4450831949048,1248.196651140984,1273.8520855456927,1097.7227725603143,949.6047689355455,926.4524002106947,883.5878281941723,897.0563661082281,925.4509708204902,1043.0808786361206,1112.2515572906864,1165.3482948716344,1295.7126024076827,1353.269592572935,1488.560561340858,1549.8294936567477,1735.7817475159104,1734.7168928421856,1667.1928740728267,1556.6735261368776,1589.2723654213473,1621.8712047058168,1654.470043990286,1687.158195163206,1719.7570344476756,1752.3558737321446
1975,480,,Neighborhood,100.0,104.78332520666038,105.99716731040031,108.48728358683599,117.16676403864423,131.1139914125693,143.79162095343492,160.10753585353922,206.15591966743244,257.6841470772171,339.6809686353438,467.843077729546,548.5059539320932,576.3306747300684,571.4923417396618,536.8766836866206,459.52641480707626,428.5215505644767,417.6807223296498,441.5608337584133,459.14399559248403,460.7773278744735,476.8463876805766,491.81300918543263,542.5823563926028,629.5055414724511,745.9567508877101,805.5349375679234,1025.1895102236522,1178.3784410817498,1419.650451918873,1538.8175947837335,1562.4965484312984,1422.3540285659728,1319.0012580277507,1231.1051496378805,1309.384915003802,1289.4892667095914,1437.3345302586517,1620.9180992458669,1710.3021146950882,1959.8581746252466,2143.319840584265,2217.953029729957,2343.5273869482935,2307.2674438995755,2360.3487711266416,2474.496269692597,2326.810691994854,2493.194683375054,2560.3342800521564,2627.4738767292583,2694.6134734063594,2761.9370141839463,2829.076610861048,2896.2162075381493
